Title,Rating,Calories,Protein,Fat,Sodium,Price
Frozen Iced Coffee With Coffee Jelly , 4.375, 253.0, 3.0, 11.0, 33.0, 72.0
Roast Beef Salad with Cabbage and Horseradish , 4.375, 644.0, 56.0, 44.0, 955.0, 65.0
Butternut Squash and Corn Chowder , 3.75, 266.0, 5.0, 8.0, 1189.0, 52.0
Coriander Lime Shrimp , 4.375, 44.0, 3.0, 2.0, 146.0, 10.0
Grilled Butterflied Leg of Lamb and Vegetables with Lemon-Herb Dressing , 4.375, 907.0, 33.0, 85.0, 709.0, 42.0
Bacon-and-Egg Rice , 3.75, 507.0, 16.0, 24.0, 916.0, 88.0
Cream Cheese-Lemon Zest Frosting , 5.0, 293.0, 2.0, 23.0, 140.0, 26.0
Thick Focaccia , 3.75, 287.0, 9.0, 7.0, 550.0, 19.0
Grilled Vegetables with Mint Raita , 3.75, 201.0, 7.0, 13.0, 456.0, 16.0
Pasta with Clams , 3.75, 288.0, 16.0, 14.0, 580.0, 26.0
Sea Bass in Papillote , 4.375, 278.0, 33.0, 14.0, 631.0, 34.0
Chicken Breasts with Sun-Dried Tomato-Cream Sauce , 3.75, 538.0, 28.0, 30.0, 384.0, 39.0
Flourless Pistachio Cake with Strawberry Meringue , 5.0, 460.0, 15.0, 26.0, 66.0, 93.0
Spicy Adobo Shrimp Cocktail , 3.75, 189.0, 14.0, 9.0, 647.0, 47.0
Radicchio & Carrot Slaw , 3.125, 160.0, 1.0, 15.0, 374.0, 46.0
Spinach with Bamboo Shoots , 3.125, 45.0, 4.0, 1.0, 699.0, 52.0
Spiced Apple Cake with Eggnog Sauce , 3.75, 583.0, 28.0, 16.0, 910.0, 79.0
Smoked Pork Chops with Onion-and-Cider Glaze , 4.375, 472.0, 42.0, 25.0, 262.0, 51.0
Ginger-Cashew Chicken , 3.75, 403.0, 40.0, 20.0, 868.0, 26.0
Broccoli Potato Soup with Parmesan Croutons , 3.125, 329.0, 12.0, 8.0, 317.0, 64.0
Panfried Tofu on Sesame Watercress with Soy-Orange Dressing , 3.75, 440.0, 31.0, 32.0, 935.0, 10.0
Roasted Asparagus and Leek Frittata , 3.125, 612.0, 8.0, 63.0, 405.0, 100.0
Pineapple Macadamia Nut Meringue Pies , 2.5, 209.0, 3.0, 13.0, 66.0, 14.0
Poached Oysters in Fennel-Saffron Soup , 4.375, 396.0, 17.0, 31.0, 913.0, 95.0
Almond-Raisin Granola , 5.0, 555.0, 50.0, 25.0, 327.0, 76.0
Chili Cornmeal Muffins , 3.75, 205.0, 4.0, 9.0, 386.0, 29.0
All-Year Blueberry Corn Muffins , 3.125, 187.0, 4.0, 6.0, 200.0, 38.0
Vanilla Snack Cakes , 0.0, 141.0, 3.0, 4.0, 200.0, 81.0
Smoked Duck Toasts with Gingered Rhubarb , 3.75, 270.0, 15.0, 14.0, 275.0, 53.0
Chicken with Ginger-Cilantro Pesto , 1.875, 609.0, 16.0, 47.0, 634.0, 76.0
Braised Lamb Shanks with White Beans , 4.375, 1547.0, 183.0, 79.0, 1629.0, 73.0
Alexander , 0.0, 167.0, 0.0, 5.0, 7.0, 21.0
Vanilla Cream , 4.375, 154.0, 1.0, 15.0, 15.0, 39.0
Creamy Fennel and Potato Soup , 4.375, 300.0, 6.0, 12.0, 172.0, 98.0
Persian-Style Carrots and Black-Eyed Peas , 0.0, 116.0, 2.0, 5.0, 64.0, 66.0
Mangalore Salmon Braised with Coconut Milk , 4.375, 615.0, 1.0, 67.0, 555.0, 94.0
Crown of Shrimp with Truffle Sauce , 3.75, 352.0, 6.0, 33.0, 227.0, 67.0
Key Lime Pie , 5.0, 490.0, 11.0, 21.0, 140.0, 83.0
Olive-Oil Cake with Candied Orange , 5.0, 340.0, 4.0, 11.0, 177.0, 57.0
Grilled Turkey with Toasted Fennel and Coriander and Fresh Thyme Gravy , 4.375, 965.0, 63.0, 76.0, 1126.0, 92.0
Cranberry Cinnamon Clafoutis , 5.0, 378.0, 5.0, 16.0, 154.0, 26.0
Orange-Almond Lace Cookies , 4.375, 131.0, 2.0, 10.0, 52.0, 80.0
Shrimp Sates with Greek Garlic Sauce , 3.75, 123.0, 5.0, 9.0, 219.0, 55.0
Cornbread Muffins with Maple Butter , 4.375, 276.0, 3.0, 17.0, 188.0, 100.0
Feta Burgers with Grilled Red Onions , 4.375, 622.0, 43.0, 48.0, 110.0, 86.0
Herbed Buttered Parsnips , 2.5, 180.0, 2.0, 6.0, 19.0, 16.0
Butternut Squash Gratin with Rosemary Breadcrumbs , 4.375, 292.0, 10.0, 13.0, 339.0, 37.0
Marinated Chicken Kebabs with Lemon Pepper Yogurt Sauce , 4.375, 463.0, 8.0, 46.0, 797.0, 44.0
Mixed Vegetables with Coconut Sauce (Aviyal) , 3.75, 212.0, 5.0, 11.0, 556.0, 37.0
Curried Parsnip Soup with Shredded Apples , 4.375, 560.0, 26.0, 25.0, 1213.0, 44.0
Wine-Braised Ham with Shallots and Carrots , 3.75, 950.0, 63.0, 64.0, 1142.0, 74.0
Armagnac Toffee Sauce , 4.375, 520.0, 20.0, 21.0, 1002.0, 40.0
Cassata Cake , 4.375, 330.0, 4.0, 18.0, 87.0, 58.0
White Chocolate Mousse with Blackberries , 3.75, 549.0, 30.0, 43.0, 1321.0, 93.0
Pork on a Bun with Bourbon-Barbecue Sauce , 4.375, 751.0, 13.0, 77.0, 817.0, 94.0
Linguine with Shrimp and Plum Tomatoes , 4.375, 878.0, 21.0, 32.0, 730.0, 97.0
Delicious Bread-and-Butter Pudding , 4.375, 578.0, 2.0, 0.0, 15.0, 51.0
Clotted Cream , 5.0, 259.0, 2.0, 28.0, 29.0, 35.0
Fried Rice , 3.75, 923.0, 10.0, 72.0, 203.0, 19.0
Cilantro Mint Dip , 3.75, 166.0, 3.0, 15.0, 57.0, 91.0
Hue Noodle Soup , 5.0, 1793.0, 216.0, 89.0, 1526.0, 81.0
Veal Scallops with Lemon and Capers , 4.375, 319.0, 22.0, 14.0, 1281.0, 91.0
Beef and Mushroom Stew , 3.125, 694.0, 48.0, 30.0, 3036.0, 39.0
Hazelnut Meringues with Lemon Cream and Blood Orange Syrup , 4.375, 486.0, 8.0, 34.0, 67.0, 57.0
Sesame Soba Noodle and Vegetable Salad , 4.375, 339.0, 10.0, 13.0, 485.0, 86.0
Spiced Hot Chocolate , 4.375, 224.0, 4.0, 12.0, 45.0, 54.0
Smoked Salmon with Horseradish Cream , 3.125, 172.0, 11.0, 14.0, 430.0, 48.0
Truffled French Fries , 5.0, 240.0, 5.0, 7.0, 11.0, 30.0
Stone Fruit Cobbler , 4.375, 370.0, 6.0, 11.0, 279.0, 90.0
Caramelized Nuts , 4.375, 238.0, 5.0, 17.0, 2.0, 77.0
Crab & Sweet Corn Cakes , 3.125, 303.0, 17.0, 11.0, 377.0, 91.0
Braised Lamb Shanks with Rutabaga and Carrots , 3.75, 1662.0, 46.0, 107.0, 2363.0, 68.0
Focaccia with Toasted Pumpkin Seeds , 4.375, 1198.0, 82.0, 79.0, 302.0, 15.0
Red Velvet Cupcakes with Coconut and Cream Cheese Frosting , 3.75, 383.0, 4.0, 22.0, 317.0, 67.0
meniu2, 0.0, 0.0, 0.0, 0.0, 0.0, 0.0
Kung Pao Chicken , 5.0, 259.0, 30.0, 11.0, 371.0, 25.0
Guinness Mustard , 4.375, 62.0, 3.0, 3.0, 854.0, 46.0
Key Lime Coconut Cake , 4.375, 459.0, 5.0, 17.0, 386.0, 87.0
Sangria , 5.0, 314.0, 0.0, 0.0, 10.0, 32.0
Kohlrabi and Apple Salad with Creamy Mustard Dressing , 3.75, 72.0, 2.0, 3.0, 47.0, 28.0
Carroty Mac and Cheese , 4.375, 524.0, 28.0, 21.0, 726.0, 98.0
Balsamic-Roasted Acorn Squash with Hot Chiles and Honey , 3.75, 248.0, 2.0, 14.0, 438.0, 46.0
Roast Chicken Stuffed with Fennel and Garlic , 4.375, 1153.0, 160.0, 50.0, 2975.0, 80.0
Roast Beef Sandwiches with Horseradish Mayonnaise , 3.75, 572.0, 28.0, 47.0, 201.0, 43.0
Strawberry and Chocolate Baked Alaska , 2.5, 601.0, 28.0, 50.0, 34.0, 92.0
Peach Lattice Pie , 4.375, 489.0, 5.0, 19.0, 280.0, 40.0
Pan-Cooked Bass with Dill and Cucumber , 5.0, 248.0, 32.0, 12.0, 409.0, 69.0
Braised Halibut Fillets in Coconut and Lemongrass with Smoked Eggplant and Tomato Ginger Chutney , 4.375, 390.0, 37.0, 22.0, 318.0, 75.0
Buttered Beets with Spring Herbs , 3.125, 74.0, 2.0, 4.0, 67.0, 43.0
Mexican Hot Chocolate II , 3.75, 396.0, 10.0, 21.0, 124.0, 75.0
Whole Wheat Pancakes with Bananas and Pecans , 4.375, 141.0, 4.0, 6.0, 201.0, 83.0
Mom's Noodle Kugel , 3.125, 189.0, 4.0, 5.0, 298.0, 45.0
Broiled Chicken with Rosemary and Garlic , 3.125, 739.0, 54.0, 42.0, 1019.0, 23.0
Frozen Raspberry Zabaglione on Meringues with Chocolate Sauce , 3.75, 480.0, 9.0, 17.0, 38.0, 33.0
All-Purpose Pie Dough , 0.0, 273.0, 3.0, 17.0, 105.0, 89.0
Rib-Eye Steaks with Roasted Red Peppers and Balsamic Vinegar , 4.375, 1319.0, 49.0, 104.0, 663.0, 42.0
Smoked-Paprika Pork Rib Roast with Sherry Raisin Vinaigrette , 3.75, 1150.0, 75.0, 72.0, 1026.0, 51.0
Ground Coriander and Cilantro Flatbreads , 4.375, 142.0, 2.0, 13.0, 429.0, 84.0
Mustard Mashed Potatoes , 4.375, 318.0, 7.0, 14.0, 124.0, 98.0
Saffron Quinoa with Dried Cherries and Almonds , 4.375, 271.0, 7.0, 11.0, 283.0, 58.0
Grilled Soy-Tamarind Denver Steaks , 5.0, 426.0, 31.0, 28.0, 827.0, 65.0
Hoisin Chicken in Lettuce Leaves , 3.75, 389.0, 29.0, 23.0, 625.0, 10.0
Roasted Strawberries , 0.0, 152.0, 1.0, 1.0, 75.0, 10.0
Brussel Leaf and Baby Spinach Sauté , 4.375, 232.0, 8.0, 16.0, 83.0, 28.0
Seared Curried Scallops with Zucchini , 4.375, 329.0, 32.0, 15.0, 917.0, 56.0
Louisiana Deviled Crab Cakes , 4.375, 477.0, 27.0, 31.0, 1308.0, 65.0
Vanilla-Roasted Rhubarb and Strawberries , 4.375, 400.0, 9.0, 3.0, 25.0, 68.0
Saigon Beef , 3.75, 1104.0, 49.0, 64.0, 2179.0, 96.0
Roasted Asparagus and Red Onion Quesadillas , 4.375, 676.0, 11.0, 41.0, 687.0, 35.0
Potato Gratin with Juniper , 4.375, 437.0, 6.0, 29.0, 752.0, 22.0
Garden Vegetable Enchiladas , 4.375, 538.0, 17.0, 38.0, 620.0, 62.0
Minted Vodka Lemonade , 5.0, 230.0, 1.0, 0.0, 6.0, 93.0
Hot Sauce Brown Butter , 0.0, 69.0, 0.0, 8.0, 112.0, 43.0
Chocolate Espresso Sambuca Truffles , 4.375, 49.0, 0.0, 3.0, 2.0, 33.0
Pine Nut Caramel Bars , 4.375, 315.0, 3.0, 24.0, 41.0, 92.0
Licorice Pudding , 5.0, 292.0, 8.0, 11.0, 226.0, 42.0
Charred Sugar Snap Peas with Buttermilk Aioli , 5.0, 279.0, 4.0, 25.0, 26.0, 74.0
Cinnamon-Walnut Coffee Cake , 3.125, 332.0, 8.0, 10.0, 696.0, 76.0
Raspberry Chocolate-Chip Pancakes , 4.375, 155.0, 3.0, 9.0, 150.0, 34.0
Snap Pea Salad , 4.375, 54.0, 3.0, 0.0, 63.0, 38.0
Pastry Dough , 3.75, 234.0, 3.0, 16.0, 99.0, 18.0
Frozen Orange and Amaretti Parfaits with Espresso Granita , 3.75, 330.0, 3.0, 9.0, 113.0, 22.0
Spaghetti with Garlic Oil and Tomato , 4.375, 566.0, 30.0, 37.0, 844.0, 83.0
Three-Mustard Mayonnaise , 3.75, 165.0, 0.0, 18.0, 186.0, 49.0
Lemon and Toasted Coconut Ice Cream , 2.5, 261.0, 4.0, 11.0, 71.0, 93.0
meniu3, 0.75, 288.0, 16.0, 14.0, 580.0, 16.0
Kohlrabi Pickles With Chile Oil , 0.0, 64.0, 0.0, 6.0, 1074.0, 57.0
Indian Baked Rice , 4.375, 395.0, 9.0, 12.0, 323.0, 19.0
Minted Turkish Delight Marinade , 4.375, 108.0, 6.0, 4.0, 965.0, 47.0
Fruit Cup with Lime Syrup , 0.0, 94.0, 1.0, 0.0, 3.0, 64.0
Turkey Club Salad with Avocado and Mayo , 3.75, 696.0, 21.0, 43.0, 66.0, 40.0
Gingerbread with Nectarines and Cream , 4.375, 1388.0, 54.0, 123.0, 207.0, 94.0
Shrimp and Grits , 4.375, 694.0, 52.0, 47.0, 321.0, 14.0
Fried Chicken Biscuits , 3.75, 2924.0, 22.0, 304.0, 1188.0, 60.0
Roquefort and Toasted Pecan Dressing , 3.75, 441.0, 11.0, 43.0, 706.0, 36.0
Rock Shrimp Pasta With Spicy Tomato Sauce , 4.375, 660.0, 15.0, 42.0, 480.0, 51.0
Scarborough Fair Shortbread , 5.0, 99.0, 1.0, 6.0, 23.0, 71.0
Apricot-Pecan Upside-Down Cake , 4.375, 466.0, 6.0, 24.0, 175.0, 86.0
Chewy Caramel Pecan Bars , 3.75, 602.0, 23.0, 41.0, 1696.0, 20.0
Farfalle with Tomatoes and Feta Cheese , 4.375, 364.0, 13.0, 4.0, 194.0, 81.0
Mango Mint Sparklers , 0.0, 168.0, 0.0, 0.0, 14.0, 71.0
Power-Boosting Beets , 5.0, 327.0, 8.0, 6.0, 299.0, 94.0
Smoked Duck and Pluot Salad , 5.0, 214.0, 12.0, 16.0, 37.0, 36.0
Spring Vegetable Ragoût , 5.0, 763.0, 3.0, 82.0, 755.0, 46.0
Three-Herb Pesto , 4.375, 245.0, 4.0, 25.0, 95.0, 69.0
Watercress Sandwiches with Chili-Lime Butter , 3.75, 259.0, 7.0, 13.0, 300.0, 83.0
Nectarine Cake Squares , 4.375, 502.0, 7.0, 21.0, 328.0, 32.0
Pecan Praline Topping , 4.375, 244.0, 3.0, 18.0, 14.0, 36.0
Herbed Goat Cheese Toasts , 3.75, 288.0, 12.0, 21.0, 440.0, 58.0
Nachos , 4.375, 727.0, 53.0, 55.0, 1509.0, 72.0
Salt-Crusted Beets with Horseradish Crème Fraîche , 3.75, 198.0, 4.0, 12.0, 45407.0, 23.0
Roast Beef with Glazed Onions and Worcestershire Gravy , 4.375, 913.0, 52.0, 44.0, 1118.0, 28.0
Mahogany Beef Stew with Red Wine and Hoisin Sauce , 5.0, 1047.0, 17.0, 52.0, 265.0, 45.0
Frozen Coffee-Fudge Torte with Vanilla Caramel Sauce , 4.375, 1025.0, 35.0, 51.0, 981.0, 13.0
Summer Tomato and Basil Spaghettini , 5.0, 1041.0, 95.0, 50.0, 3766.0, 14.0
Old-Fashioned Meat Loaf , 5.0, 725.0, 11.0, 51.0, 370.0, 67.0
Toasted Almond Mocha Ice-Cream Tart , 4.375, 314.0, 7.0, 23.0, 45.0, 71.0
ciorba, 3.2, 120.0, 4.0, 50.0, 6.0, 10.0
Corn-Pancetta Puddings in Corn Husk Baskets , 2.5, 383.0, 11.0, 24.0, 464.0, 58.0
Carrot Purée , 4.375, 123.0, 2.0, 8.0, 387.0, 63.0
Chicken and Couscous with a Punchy Relish , 4.375, 1418.0, 144.0, 80.0, 1891.0, 63.0
Apple and Blackberry Polenta Cobbler , 4.375, 472.0, 5.0, 18.0, 281.0, 97.0
Microwave Polenta , 5.0, 531.0, 35.0, 30.0, 388.0, 68.0
Miso Soup , 3.75, 41.0, 4.0, 2.0, 347.0, 32.0
Roast Pork with Port Jus and Chipotle-Glazed Apples , 4.375, 962.0, 50.0, 28.0, 1178.0, 85.0
Jenga Ribs , 4.375, 1377.0, 97.0, 99.0, 1237.0, 45.0
Corn Tortillas , 3.125, 146.0, 3.0, 1.0, 2.0, 77.0
Rosemary Toasts , 5.0, 145.0, 1.0, 14.0, 47.0, 30.0
Spice-Crusted Rack of Lamb , 3.75, 1552.0, 60.0, 106.0, 3916.0, 26.0
Cider-Basted Turkey with Roasted Apple Gravy , 4.375, 1212.0, 73.0, 74.0, 456.0, 81.0
Beef Tenderloin Steaks with Smoky Bacon-Bourbon Sauce , 4.375, 462.0, 19.0, 34.0, 861.0, 49.0
Silver King , 0.0, 140.0, 3.0, 0.0, 46.0, 94.0
Fried Sage Leaves , 4.375, 440.0, 0.0, 49.0, 0.0, 13.0
Chawan Mushi with Shrimp and Spring Peas , 4.375, 87.0, 7.0, 3.0, 133.0, 48.0
Salt-Grilled Shrimp , 1.875, 175.0, 16.0, 8.0, 23273.0, 81.0
Sage and Pancetta Biscuits with Fontina Cheese , 4.375, 208.0, 6.0, 12.0, 336.0, 100.0
Cabbage Soup with Apples and Thyme , 4.375, 303.0, 10.0, 15.0, 139.0, 58.0
Cinnamon Chicken with Couscous and Dried Fruit , 4.375, 1000.0, 44.0, 87.0, 1385.0, 60.0
Spinach Puff Pastry Quiche , 4.375, 396.0, 13.0, 29.0, 455.0, 66.0
Pecan Caramel Cheesecake , 4.375, 322.0, 4.0, 25.0, 215.0, 72.0
Chipotle Aïoli , 5.0, 272.0, 0.0, 30.0, 235.0, 58.0
Pear and Almond Frangipane with Apricot Sauce , 3.125, 928.0, 9.0, 52.0, 266.0, 78.0
Roasted Rack of Lamb with Spring Succotash and Wilted Spinach , 5.0, 2493.0, 52.0, 76.0, 3443.0, 87.0
Watermelon-Cucumber Margarita , 5.0, 279.0, 1.0, 0.0, 30.0, 100.0
Grilled Pork Chops with Maple-Cranberry Glaze , 4.375, 496.0, 19.0, 29.0, 1078.0, 97.0
Sausage Rolls , 4.375, 198.0, 6.0, 15.0, 268.0, 46.0
Seared Halibut with Portobello Mushroom Vinaigrette , 0.0, 459.0, 41.0, 29.0, 759.0, 66.0
Spiced Pork Tenderloin With Cherry-Thyme Pan Sauce , 3.125, 760.0, 2.0, 79.0, 394.0, 26.0
Baked Ham with Mustard-Red Currant Glaze and Rhubarb Chutney , 4.375, 995.0, 111.0, 51.0, 4303.0, 30.0
Charred Squid and Conch Buljol with "Soused" Green Figs and Tomato Chokha Coulis , 4.375, 456.0, 43.0, 22.0, 384.0, 49.0
Pickled Shrimp and Vegetables , 3.75, 501.0, 13.0, 20.0, 476.0, 10.0
Dark Chocolate Pretzel Cake , 4.375, 535.0, 7.0, 25.0, 345.0, 26.0
Duck-Fat Turkey Breasts with Green Onion Puree , 4.375, 1894.0, 97.0, 104.0, 1596.0, 43.0
Les Quatres Mendiants , 5.0, 249.0, 3.0, 17.0, 5.0, 52.0
Shrimp and Green Onion Pancakes , 3.75, 439.0, 20.0, 20.0, 1763.0, 37.0
New York Sour , 0.0, 205.0, 2.0, 0.0, 36.0, 92.0
Horseradish Cream , 4.375, 116.0, 1.0, 11.0, 59.0, 95.0
Roasted Peperonata , 5.0, 100.0, 2.0, 5.0, 97.0, 25.0
Spiced Lamb in Pita , 4.375, 510.0, 28.0, 34.0, 812.0, 75.0
Chocolate Chestnut Torte , 4.375, 298.0, 4.0, 20.0, 61.0, 28.0
Tuscan Chicken with Warm Bean Salad , 3.125, 1448.0, 22.0, 51.0, 748.0, 85.0
Colombian Avocado Salsa , 4.375, 150.0, 4.0, 11.0, 34.0, 14.0
Creamy Rice Pudding with Tropical Fruits , 3.125, 350.0, 3.0, 11.0, 452.0, 91.0
Spicy Pork and Kumquat Stir-Fry , 4.375, 295.0, 24.0, 15.0, 450.0, 15.0
Coconut-Chocolate Marjolaine , 5.0, 612.0, 20.0, 39.0, 582.0, 19.0
Classic Tomato Toast with Mayonnaise and Chives , 5.0, 194.0, 4.0, 12.0, 713.0, 23.0
Scallops with Snail-Garlic Butter and Leeks , 4.375, 2194.0, 346.0, 32.0, 11150.0, 38.0
Korean-Style Tuna Tartare , 5.0, 213.0, 28.0, 8.0, 83.0, 45.0
Herb Roasted Lamb Chops , 5.0, 140.0, 4.0, 13.0, 968.0, 34.0
Green Mountain Maple Barbecued Chicken , 4.375, 1007.0, 42.0, 76.0, 263.0, 98.0
Chicken Soup with Wild Mushrooms and Herbed Matzo Balls , 3.75, 550.0, 2.0, 58.0, 417.0, 69.0
Cold-Smoked Chicken Legs in a Chinese Cure , 2.5, 86.0, 6.0, 6.0, 2402.0, 91.0
New England Molasses Gingerbread Cookies , 3.75, 170.0, 2.0, 6.0, 68.0, 59.0
Vietnamese-Style Grilled Steak with Noodles , 4.375, 928.0, 6.0, 53.0, 853.0, 62.0
Creamy Garlic Pasta with Mushrooms and Prosciutto , 4.375, 598.0, 53.0, 39.0, 454.0, 83.0
Citrus Cooler , 3.75, 106.0, 1.0, 0.0, 4.0, 85.0
Sea Breeze Sparklers , 5.0, 95.0, 1.0, 0.0, 13.0, 45.0
Ginger Cakes with Molten Chocolate Centers and Ginger Crème Anglaise , 2.5, 720.0, 22.0, 51.0, 1957.0, 53.0
Spaghetti with No-Cook Tomato Sauce and Hazelnuts , 0.0, 489.0, 14.0, 16.0, 501.0, 35.0
Caramelized Onion and Roasted Red Pepper Linguine , 4.375, 584.0, 32.0, 47.0, 124.0, 53.0
Seafood Stew , 4.375, 462.0, 40.0, 18.0, 928.0, 59.0
Sweet Potato and Apple Purée , 2.5, 225.0, 3.0, 5.0, 88.0, 83.0
French 75 , 5.0, 250.0, 0.0, 0.0, 12.0, 10.0
Fried Calamari Salad , 3.75, 673.0, 39.0, 29.0, 198.0, 64.0
Vanilla Whipped Cream , 3.75, 168.0, 1.0, 15.0, 17.0, 84.0
Tea Brack , 3.75, 264.0, 4.0, 1.0, 173.0, 54.0
Citrus Marinated Shrimp Cocktail , 4.375, 262.0, 17.0, 10.0, 925.0, 11.0
Vanilla-Buttermilk Sheet Cake With Raspberries and Orange Cream-Cheese Frosting , 0.0, 316.0, 4.0, 17.0, 171.0, 61.0
Grandfather's Cioppino , 5.0, 516.0, 59.0, 17.0, 1230.0, 35.0
Pecan Torte with Strawberries and Cream , 4.375, 277.0, 6.0, 16.0, 108.0, 35.0
Mocha Sheet Cake with Pecans , 4.375, 441.0, 4.0, 22.0, 161.0, 62.0
Oeufs Au Plat , 3.75, 105.0, 6.0, 9.0, 281.0, 10.0
Cuban III , 0.0, 232.0, 0.0, 0.0, 1.0, 89.0
Moroccan-Style Roast Chicken , 3.75, 1386.0, 9.0, 133.0, 105.0, 92.0
Streusel Topped Pear and Blueberry Pie , 4.375, 363.0, 4.0, 12.0, 119.0, 34.0
Sea Bass with Coconut-Curry Sauce , 5.0, 629.0, 55.0, 31.0, 1749.0, 58.0
Pork Chops Saltimbocca with Sautéed Spinach , 3.125, 540.0, 7.0, 20.0, 34.0, 15.0
Pork Medallions with Lemon and Capers , 3.75, 336.0, 37.0, 18.0, 277.0, 60.0
Applesauce Spice Muffins , 4.375, 304.0, 4.0, 17.0, 166.0, 77.0
Pistachio Cake , 4.375, 374.0, 7.0, 20.0, 199.0, 38.0
Strawberries in Sambuca , 5.0, 127.0, 1.0, 0.0, 4.0, 22.0
Clarified Butter , 1.875, 271.0, 0.0, 31.0, 4.0, 98.0
Red-Cabbage Confit , 3.75, 193.0, 3.0, 5.0, 47.0, 72.0
Pizza Dough , 3.75, 580.0, 32.0, 24.0, 337.0, 25.0
Panfried Trout with Pecan Butter Sauce , 4.375, 1252.0, 79.0, 86.0, 4046.0, 43.0
Raspberry Corn Muffins , 3.75, 269.0, 4.0, 13.0, 313.0, 64.0
Blue Cheese and Pecan Crackers , 3.75, 77.0, 2.0, 6.0, 49.0, 51.0
Grilled Jerk Pork With Curried Peach Relish , 4.375, 492.0, 60.0, 18.0, 1128.0, 31.0
Cherry-Vanilla Bean Ice Cream with Cherry Sauce , 4.375, 445.0, 5.0, 15.0, 41.0, 15.0
Shrimp Curry with Rice , 3.75, 552.0, 15.0, 46.0, 67.0, 90.0
Sugar Snap Salad , 4.375, 111.0, 4.0, 7.0, 26.0, 34.0
Spicy Red Rice with Chicken and Vegetables , 4.375, 926.0, 9.0, 56.0, 569.0, 60.0
Scallops in Saffron Mayonnaise , 3.75, 105.0, 3.0, 10.0, 106.0, 76.0
Rosemary Mint Wine Jelly , 3.125, 337.0, 1.0, 0.0, 27.0, 98.0
Flaky Pie Crust Dough , 5.0, 1529.0, 167.0, 82.0, 3597.0, 74.0
Pork Sausage with Coconut-Chile Sauce and Lychees , 4.375, 845.0, 7.0, 38.0, 18.0, 52.0
Hobo Pack Potatoes with Rosemary and Garlic , 0.0, 299.0, 5.0, 14.0, 730.0, 79.0
Creamy White Bean and Chorizo Soup , 4.375, 483.0, 22.0, 35.0, 925.0, 23.0
Spiced Rice Pilaf , 3.125, 245.0, 3.0, 7.0, 6.0, 13.0
Hot Crab and Artichoke Dip , 3.75, 180.0, 13.0, 11.0, 530.0, 65.0
Linguine with Salmon and Mushrooms , 4.375, 551.0, 41.0, 38.0, 332.0, 23.0
Jumbo Shrimp with Chive Butter , 4.375, 315.0, 7.0, 32.0, 391.0, 34.0
All-Butter Pie Dough , 5.0, 277.0, 3.0, 19.0, 194.0, 12.0
Cucumber Sour Cream , 3.75, 100.0, 2.0, 9.0, 153.0, 73.0
Kale with Garlic and Cranberries , 3.75, 392.0, 18.0, 35.0, 92.0, 71.0
Pork Chops with Wild Mushrooms and Caramelized Onions , 3.75, 460.0, 19.0, 31.0, 113.0, 18.0
Peanut Sauce , 4.375, 968.0, 10.0, 61.0, 314.0, 60.0
Marinated Flank Steak , 3.125, 271.0, 25.0, 14.0, 68.0, 82.0
Toasted Israeli Couscous with Pine Nuts and Parsley , 4.375, 260.0, 8.0, 11.0, 223.0, 95.0
Beef Tenderloin with Red-Wine and Marrow Sauce , 3.75, 1968.0, 171.0, 123.0, 1826.0, 79.0
Eggplant-Polenta Stacks with Tomato Sauce , 0.0, 565.0, 8.0, 40.0, 124.0, 45.0
Highland Fling , 0.0, 119.0, 0.0, 0.0, 6.0, 88.0
Chocolate-Hazelnut Pudding , 4.375, 414.0, 7.0, 24.0, 155.0, 71.0
Blueberry-Buttermilk Bundt Cake , 3.75, 367.0, 6.0, 13.0, 334.0, 40.0
Duck Breast and Frisée Salad , 5.0, 499.0, 21.0, 35.0, 642.0, 75.0
Frontera Grill's Chocolate Pecan Pie with Coffee Whipped Cream , 5.0, 757.0, 91.0, 14.0, 4508.0, 45.0
Coconut Chicken Soup , 4.375, 351.0, 23.0, 24.0, 1826.0, 79.0
Sweet-and-Sour Cherry Turnovers with Goat Cheese Cream , 5.0, 711.0, 48.0, 37.0, 231.0, 78.0
Classic Sangria , 4.375, 205.0, 0.0, 0.0, 5.0, 96.0
Banana Macadamia Pancakes with Orange Butter , 5.0, 165.0, 3.0, 10.0, 194.0, 32.0
Sweet Potato Curry , 3.75, 252.0, 4.0, 16.0, 173.0, 80.0
Caramelized Onion and Chestnut Stuffing , 3.75, 325.0, 8.0, 13.0, 361.0, 28.0
Classic Ragu Bolognese , 4.375, 672.0, 37.0, 42.0, 376.0, 76.0
Roasted Beet and Sugar Snap Pea Salad , 4.375, 175.0, 3.0, 14.0, 93.0, 67.0
Orange-Glazed Game Hens , 4.375, 1935.0, 138.0, 146.0, 571.0, 57.0
Tomato-and-Garlic-Stuffed Chicken Cutlets , 4.375, 311.0, 22.0, 24.0, 97.0, 41.0
Butter-Sugar Crepes , 4.375, 438.0, 9.0, 25.0, 65.0, 25.0
Grilled Lamb Chops with Curried Couscous and Zucchini Raita , 3.75, 713.0, 35.0, 49.0, 966.0, 26.0
Mussels à la Plancha , 4.375, 645.0, 22.0, 55.0, 355.0, 55.0
Florida Jambalaya , 5.0, 569.0, 3.0, 1.0, 101.0, 66.0
Pork Tenderloin with Apricot Mustard , 3.75, 272.0, 29.0, 6.0, 600.0, 100.0
Ghostly Chocolate-Nut Bark , 5.0, 331.0, 4.0, 20.0, 23.0, 18.0
Seared Ahi Tuna Salad , 4.375, 825.0, 8.0, 72.0, 60.0, 22.0
Chicken Paprikas , 3.75, 463.0, 59.0, 20.0, 170.0, 36.0
Wild Rice and Roasted Vegetable Salad with Sherry-Thyme Vinaigrette , 3.75, 301.0, 8.0, 14.0, 22.0, 82.0
Bell Pepper and Dried Apricot Chutney , 3.125, 195.0, 2.0, 0.0, 156.0, 59.0
Onion-and Olive-Stuffed Bell Peppers , 3.75, 174.0, 3.0, 10.0, 51.0, 82.0
meniu1749, 4.0625, 1510.0, 89.0, 89.0, 2355.0, 114.0
Salmon with Spiced Red-Wine Sauce , 5.0, 520.0, 1.0, 45.0, 26.0, 50.0
Grilled Lemon-Lime Chicken , 4.375, 746.0, 118.0, 21.0, 483.0, 51.0
Baked Bass with Fennel , 5.0, 707.0, 30.0, 52.0, 1063.0, 100.0
Cranberry-Kumquat Sauce , 5.0, 254.0, 1.0, 0.0, 6.0, 84.0
Lime Almond Cheesecake , 4.375, 308.0, 5.0, 24.0, 159.0, 21.0
Roasted Honey-Glazed Spareribs , 4.375, 2045.0, 329.0, 31.0, 10672.0, 72.0
Pan-Seared Steak with Mushroom-Merlot Sauce , 4.375, 1126.0, 40.0, 102.0, 552.0, 27.0
Chickpea Salad Sandwich With Creamy Carrot-Radish Slaw , 3.75, 958.0, 53.0, 32.0, 2559.0, 19.0
Pork and Squash Stew with Chiles , 5.0, 703.0, 37.0, 43.0, 422.0, 34.0
Pork Confit , 4.375, 392.0, 11.0, 38.0, 231.0, 87.0
Pork and Sausage Sauté , 3.75, 1182.0, 80.0, 90.0, 896.0, 49.0
Chicken Burgers with Lemon and Tarragon , 3.75, 445.0, 24.0, 38.0, 662.0, 75.0
Green Beans with Ginger Butter , 3.75, 76.0, 2.0, 5.0, 153.0, 35.0
Julia's American-Style Potato Salad , 4.375, 737.0, 4.0, 78.0, 338.0, 90.0
Jasmine Rice Timbales with Black and White Sesame Seeds , 4.375, 256.0, 4.0, 9.0, 2.0, 20.0
Maple Mustard Sauce , 3.75, 186.0, 3.0, 3.0, 923.0, 55.0
Poached Apricots in Vanilla-Thyme Syrup with Crème Fraîche , 5.0, 1344.0, 65.0, 110.0, 1477.0, 41.0
Ropa Vieja , 0.0, 259.0, 24.0, 16.0, 373.0, 53.0
Hazelnut Praline , 3.75, 206.0, 3.0, 14.0, 0.0, 12.0
Baked Sea Bass with Walnut-Breadcrumb Crust and Lemon-Dill Sauce , 5.0, 530.0, 10.0, 30.0, 201.0, 77.0
Chipotle-Glazed Ribs , 4.375, 1682.0, 65.0, 45.0, 3445.0, 83.0
Turkey Reubens , 2.5, 836.0, 45.0, 67.0, 128.0, 23.0
Dim Sum Dipper , 4.375, 67.0, 5.0, 3.0, 3670.0, 62.0
Summer Fruit Terrine , 4.375, 744.0, 33.0, 30.0, 777.0, 14.0
The Mezcal Sunset , 3.75, 568.0, 42.0, 23.0, 562.0, 15.0
Honey Mustard Dressing , 4.375, 168.0, 0.0, 19.0, 118.0, 71.0
Pea and Parmesan Wonton Ravioli , 4.375, 627.0, 17.0, 45.0, 909.0, 15.0
Cranberry Sauce with Pearl Onions and Golden Raisins , 3.75, 150.0, 1.0, 0.0, 4.0, 40.0
Fennel-Scented Spinach and Potato Samosas , 4.375, 380.0, 6.0, 27.0, 228.0, 10.0
Classic Escargots à la Bourguignonne , 4.375, 168.0, 6.0, 16.0, 26.0, 19.0
Braised Kale with Bacon and Onions , 3.125, 277.0, 12.0, 19.0, 345.0, 61.0
Italian Gianduia Loaf with Custard Sauce , 3.75, 1017.0, 32.0, 53.0, 1676.0, 60.0
Fig and Blue Cheese Savouries , 4.375, 51.0, 1.0, 4.0, 37.0, 21.0
Vanilla Strawberry Cooler , 0.0, 198.0, 1.0, 0.0, 12.0, 57.0
Popped Amaranth and Toasted Wheat Berry Fool , 3.75, 372.0, 8.0, 19.0, 55.0, 33.0
Creamed Rutabaga and Sweet Potato , 3.75, 595.0, 7.0, 9.0, 7.0, 37.0
Sauteed Collard Greens , 4.375, 149.0, 9.0, 8.0, 49.0, 33.0
Sage Stuffing , 4.375, 250.0, 6.0, 15.0, 347.0, 28.0
Melissa Hotek's Granola , 4.375, 337.0, 10.0, 17.0, 7.0, 43.0
Barbecue-Spiced Grilled Tenderloin Steaks , 3.125, 419.0, 32.0, 29.0, 82.0, 95.0
Coriander Chicken Tostadas with Refried Beans and Grilled Fennel , 3.75, 667.0, 8.0, 39.0, 290.0, 73.0
Grilled Chicken and Vegetable Sandwiches with Tarragon Mayonnaise , 4.375, 500.0, 14.0, 30.0, 659.0, 24.0
Texas Margaritas , 4.375, 139.0, 0.0, 0.0, 8.0, 68.0
Vegetables and Hard-Boiled Eggs with Anchovy Cream , 0.0, 472.0, 15.0, 32.0, 328.0, 86.0
Chocolate Walnut Biscotti , 2.5, 38.0, 1.0, 2.0, 42.0, 25.0
Artichoke and Parmesan Risotto , 4.375, 671.0, 19.0, 49.0, 777.0, 13.0
Hawaiian I , 0.0, 138.0, 3.0, 0.0, 45.0, 14.0
Summer Garden Gazpacho , 4.375, 981.0, 33.0, 83.0, 1301.0, 63.0
Colombian Guacamole , 4.375, 147.0, 2.0, 13.0, 19.0, 92.0
Island Salsa , 5.0, 38.0, 1.0, 0.0, 4.0, 89.0
Jamaican Hot Pepper Shrimp , 4.375, 105.0, 16.0, 2.0, 1914.0, 18.0
Black Bean Lasagna Kinstlinger-Bruhn , 4.375, 689.0, 62.0, 29.0, 11846.0, 33.0
Spiked Blackberry Coulis , 4.375, 164.0, 2.0, 1.0, 4.0, 85.0
Tropical Fruit Foster Split , 4.375, 698.0, 22.0, 48.0, 332.0, 42.0
Pumpkin Pie with Toffee-Walnut Topping , 4.375, 445.0, 6.0, 28.0, 220.0, 11.0
Sauerbraten , 4.375, 417.0, 50.0, 19.0, 1362.0, 19.0
Cranberry-Cheese Danish , 4.375, 452.0, 10.0, 24.0, 1001.0, 97.0
White Bean Soup with Chive Oil , 3.125, 169.0, 10.0, 5.0, 352.0, 70.0
Chocolate Mascarpone Mousse with Bananas , 4.375, 259.0, 2.0, 19.0, 78.0, 28.0
Mother Sherman , 5.0, 186.0, 0.0, 0.0, 6.0, 78.0
Spaghetti with Fresh Tomato and Herbs , 0.0, 683.0, 48.0, 46.0, 439.0, 33.0
Chicken Stock , 0.0, 60.0, 5.0, 3.0, 71.0, 70.0
Pineapple-Apricot Salsa , 4.375, 45.0, 1.0, 0.0, 3.0, 80.0
Matzo Scallion Pancakes , 3.75, 74.0, 1.0, 7.0, 92.0, 15.0
Spicy Avocado-Stuffed Eggs , 4.375, 73.0, 3.0, 6.0, 82.0, 56.0
Mixed-Berry Crisp , 4.375, 628.0, 19.0, 18.0, 1032.0, 11.0
Honey Yogurt , 3.125, 156.0, 9.0, 7.0, 59.0, 55.0
Potato and Green Olive Stew , 3.125, 273.0, 5.0, 14.0, 457.0, 79.0
Wild Blueberry Pie with Almond Crumble Topping , 4.375, 338.0, 7.0, 12.0, 348.0, 100.0
Zucchini Pizza Crust With Lemony Pea Pesto , 3.75, 395.0, 18.0, 26.0, 870.0, 86.0
Garlic Roasted Potato Skins , 4.375, 218.0, 4.0, 9.0, 301.0, 16.0
Apple Crisp with Prune Tequila Ice Cream , 4.375, 651.0, 31.0, 29.0, 1231.0, 63.0
Bourbon Whipped Cream , 3.75, 115.0, 1.0, 11.0, 11.0, 92.0
Tuscan Kale Caesar Slaw , 4.375, 512.0, 14.0, 47.0, 562.0, 67.0
Persimmon Salsa , 5.0, 89.0, 1.0, 0.0, 2.0, 72.0
Mango Salsa , 4.375, 108.0, 2.0, 1.0, 4.0, 20.0
Shrimp Gazpacho , 4.375, 285.0, 19.0, 7.0, 635.0, 11.0
Middle Eastern Tabbouleh and Lamb Salad , 2.5, 513.0, 18.0, 35.0, 156.0, 18.0
Shakshuka (Baked Eggs With Spicy Tomato Sauce) , 0.0, 224.0, 11.0, 11.0, 211.0, 94.0
Cumin Herb Rice Pilaf , 4.375, 194.0, 4.0, 5.0, 392.0, 61.0
Turkey Albondigas Soup , 3.75, 261.0, 23.0, 8.0, 649.0, 64.0
Raspberry Coconut Squares , 3.75, 333.0, 3.0, 15.0, 125.0, 22.0
Sweet Mustard Sauce , 0.0, 130.0, 0.0, 14.0, 88.0, 26.0
Curried Vegetable and Tofu Couscous , 3.125, 454.0, 22.0, 18.0, 40.0, 95.0
Pork Chops with Leeks in Mustard Sauce , 4.375, 504.0, 22.0, 36.0, 1266.0, 31.0
Raspberry-Lemon Corn Muffins , 3.75, 223.0, 3.0, 11.0, 164.0, 87.0
Gumbo Z'herbes with Perfect Rice , 4.375, 733.0, 49.0, 52.0, 725.0, 31.0
Simple Spinach Dip , 0.0, 302.0, 7.0, 27.0, 553.0, 58.0
Linguine with Turkey Sausage and Pesto , 4.375, 1096.0, 85.0, 61.0, 929.0, 36.0
Thai-Style Beef with Noodles , 4.375, 692.0, 37.0, 25.0, 1126.0, 68.0
Oven-Roasted Spareribs with Peach Glaze , 4.375, 1177.0, 39.0, 64.0, 962.0, 31.0
Strawberry–Pistachio Crumble Pie , 0.0, 397.0, 5.0, 21.0, 250.0, 28.0
Grilled Marinated Leg of Lamb , 3.125, 688.0, 11.0, 36.0, 215.0, 100.0
Whole Grain-Buttermilk Pancakes , 3.75, 91.0, 3.0, 3.0, 136.0, 92.0
Green Curry Chicken , 4.375, 600.0, 55.0, 25.0, 1319.0, 22.0
Creamy Apple Horseradish Sauce , 3.75, 425.0, 0.0, 45.0, 382.0, 67.0
Lemon-Garlic Baked Shrimp , 3.75, 372.0, 24.0, 29.0, 968.0, 96.0
Rum-Punch Granita , 0.0, 341.0, 2.0, 0.0, 13.0, 32.0
Ricotta-and-Herb-Stuffed Chicken , 3.125, 1630.0, 105.0, 114.0, 1730.0, 51.0
Toasted Bread Crumb Topping for Pasta , 0.0, 116.0, 2.0, 7.0, 118.0, 13.0
Spiced Layer Cake with Orange Cream Cheese Frosting , 3.75, 616.0, 49.0, 45.0, 828.0, 58.0
Green Poblano Rice (Arroz Verde al Poblano) , 4.375, 231.0, 7.0, 2.0, 441.0, 14.0
Sesame Noodles with Chili Oil and Scallions , 5.0, 723.0, 18.0, 39.0, 486.0, 36.0
Filets Mignons with Mushroom Sauce , 1.875, 803.0, 10.0, 85.0, 500.0, 100.0
Chili Meatballs in Black Bean and Tomato Sauce , 3.75, 1052.0, 47.0, 56.0, 3434.0, 53.0
Red Mole , 0.0, 280.0, 7.0, 21.0, 72.0, 64.0
Peanut Butter and Jelly Tart , 3.125, 565.0, 7.0, 22.0, 229.0, 19.0
Chopped Vegetable Salad with Feta and Olives , 4.375, 249.0, 6.0, 22.0, 382.0, 74.0
All–Butter Pie Dough , 0.0, 264.0, 3.0, 20.0, 184.0, 47.0
Poached Pear Tart with Caramelized Pistachios , 3.75, 926.0, 35.0, 81.0, 910.0, 18.0
Potato Parsnip Mash , 3.75, 328.0, 6.0, 8.0, 1793.0, 45.0
Coconut Cheesecake with Passion Fruit Glaze , 5.0, 657.0, 7.0, 38.0, 66.0, 22.0
Seven Minute Frosting , 4.375, 241.0, 3.0, 0.0, 115.0, 30.0
Stuffed Peppers , 3.75, 180.0, 16.0, 8.0, 743.0, 32.0
French-American Potato Salad , 3.75, 174.0, 2.0, 11.0, 429.0, 99.0
Baked Belgian Endive with Pecorino and Walnuts , 3.125, 166.0, 4.0, 14.0, 108.0, 81.0
Pastry Cream , 1.25, 206.0, 5.0, 9.0, 43.0, 96.0
meniumeniu, 4.375, 206.0, 6.0, 12.0, 172.0, 96.0
Gingerbread with Vanilla Ice Cream and Exotic Caramel Sauce , 4.375, 443.0, 5.0, 13.0, 639.0, 21.0
Sole-Wrapped Asparagus with Tangerine Beurre Blanc , 4.375, 340.0, 10.0, 31.0, 325.0, 32.0
Pasta with Ricotta and Fresh Herbs , 3.125, 292.0, 19.0, 20.0, 309.0, 10.0
Parmesan Shortbread with Fennel and Sea Salt , 5.0, 181.0, 3.0, 13.0, 231.0, 23.0
Herb-Roasted Sausages and Butternut Squash , 4.375, 510.0, 20.0, 39.0, 849.0, 62.0
Feta Cumin Corn Bread , 3.75, 1429.0, 68.0, 125.0, 1516.0, 63.0
Avocado Mayonnaise , 3.75, 379.0, 3.0, 38.0, 181.0, 75.0
Spiced Quinoa Timbales , 3.75, 66.0, 2.0, 3.0, 266.0, 70.0
Chocolate Chunk Share Cookie , 5.0, 414.0, 5.0, 17.0, 58.0, 86.0
Mashed Yukon Gold Potatoes with Goat Cheese and Basil , 4.375, 238.0, 7.0, 12.0, 100.0, 32.0
Corn Cakes Topped with Goat Cheese and Bacon , 3.75, 88.0, 3.0, 5.0, 191.0, 16.0
Tarte Tatin , 3.75, 4017.0, 80.0, 305.0, 4830.0, 56.0
Niçoise Orzo Salad , 4.375, 476.0, 22.0, 19.0, 437.0, 75.0
Rhubarb-Raspberry Jam , 4.375, 303.0, 1.0, 1.0, 4.0, 36.0
Sweet-Potato Pancakes with Honey-Cinnamon Butter , 5.0, 396.0, 10.0, 24.0, 607.0, 79.0
Fried Calamari with Peperoncini Mayonnaise , 4.375, 662.0, 41.0, 31.0, 1121.0, 61.0
Zucchini Gratin , 3.75, 227.0, 14.0, 16.0, 376.0, 37.0
Braised Baby Artichokes and Shallots , 3.75, 208.0, 9.0, 7.0, 248.0, 24.0
Pretty Easter Pasta Pie (Crostata di tagliolini ) , 2.5, 899.0, 46.0, 77.0, 252.0, 94.0
Orange-Blossom-Honey Madeleines , 5.0, 93.0, 1.0, 5.0, 39.0, 44.0
Linguine with Herbed Clam Sauce , 5.0, 839.0, 129.0, 27.0, 521.0, 19.0
Veal Stock , 0.0, 29.0, 4.0, 1.0, 57.0, 50.0
Indian-Spiced Chicken Kebabs with Cilantro-Mint Chutney , 4.375, 64.0, 6.0, 4.0, 33.0, 95.0
Milk-Braised Pork With Lemon and Sage , 5.0, 500.0, 33.0, 37.0, 1292.0, 45.0
Veal Chops with Eggplant and Pepper Stuffing and Roasted Red Pepper Sauce , 3.75, 950.0, 27.0, 70.0, 886.0, 56.0
Buckwheat Crêpe Noodles with Chive Butter , 4.375, 286.0, 9.0, 19.0, 371.0, 14.0
Cranberry Sauce with Roasted Shallots and Port , 4.375, 311.0, 5.0, 2.0, 30.0, 21.0
Pizza Dough , 3.75, 579.0, 30.0, 19.0, 682.0, 65.0
Artichoke and Fennel Salad , 3.75, 264.0, 10.0, 11.0, 494.0, 12.0
Beer-Can Cabbage Sandwiches , 5.0, 793.0, 24.0, 63.0, 906.0, 60.0
Moroccan-Spiced Vegetables , 3.75, 128.0, 3.0, 7.0, 57.0, 73.0
Wilted Greens , 4.375, 135.0, 6.0, 10.0, 429.0, 58.0
Cranberry and Dried-Cherry Sauce , 5.0, 123.0, 0.0, 0.0, 9.0, 48.0
Basil Vodka Gimlets , 5.0, 78.0, 0.0, 0.0, 129.0, 97.0
Hazelnut Mole , 4.375, 348.0, 10.0, 15.0, 80.0, 41.0
Warm Mussel and Marinated Vegetable Salad , 3.75, 558.0, 32.0, 29.0, 1308.0, 96.0
Cider-Brined-and-Glazed Turkey , 5.0, 1356.0, 74.0, 80.0, 3173.0, 48.0
Open-Face Lamb Burgers with Mint Yogurt Sauce , 4.375, 684.0, 10.0, 58.0, 338.0, 14.0
Green Posole with Cod and Cilantro , 4.375, 322.0, 28.0, 10.0, 821.0, 82.0
Seven Seas , 4.375, 110.0, 10.0, 7.0, 157.0, 43.0
Broiled Tofu with Cilantro Pesto , 3.75, 159.0, 12.0, 12.0, 189.0, 80.0
Winter Salad with Sauteed Bay Scallops , 3.75, 156.0, 8.0, 9.0, 321.0, 61.0
Broiled Lamb Chops with Rosemary-Mint Sauce , 3.75, 981.0, 42.0, 38.0, 1174.0, 67.0
Fennel Cucumber Relish , 3.75, 233.0, 10.0, 12.0, 84.0, 100.0
Grasshopper II , 0.0, 444.0, 1.0, 17.0, 23.0, 71.0
Cajeta Flan , 4.375, 276.0, 7.0, 14.0, 81.0, 91.0
meniu1000, 4.375, 326.0, 1.0, 0.0, 10.0, 40.0
Risotto with Chicken and Beet Greens Stalker , 4.375, 557.0, 7.0, 23.0, 75.0, 41.0
Cranberry and Celery Relish , 3.125, 222.0, 2.0, 3.0, 28.0, 70.0
Pumpkin and Cookie-Butter Sheet Cake With Toasted Meringue , 4.375, 243.0, 4.0, 11.0, 290.0, 43.0
Tagliatelle with Fresh Corn Pesto , 4.375, 540.0, 15.0, 38.0, 714.0, 28.0
Chocolate Cream and Cinnamon Sugar , 0.0, 265.0, 4.0, 9.0, 93.0, 28.0
Rhubarb and Raspberry Crostata , 4.375, 341.0, 5.0, 19.0, 144.0, 48.0
Three-Bean Salad with Coriander Chili Dressing , 0.0, 519.0, 61.0, 21.0, 1002.0, 85.0
Fudgy Chocolate Birthday Cake , 4.375, 654.0, 7.0, 36.0, 251.0, 16.0
Grilled Chicken Drummettes with Ancho-Cherry Barbecue Sauce , 4.375, 392.0, 25.0, 19.0, 288.0, 38.0
Arepas , 3.75, 344.0, 14.0, 7.0, 627.0, 68.0
Asian-Style Shrimp and Pineapple Fried Rice , 3.75, 431.0, 16.0, 6.0, 658.0, 42.0
White Bean Salad , 4.375, 107.0, 2.0, 9.0, 6.0, 55.0
Cumin Crust Rub , 3.125, 64.0, 3.0, 3.0, 25.0, 43.0
Verbena-Brined Pork Chops , 3.75, 7469.0, 1114.0, 297.0, 6677.0, 49.0
Aunt Margaret's Lemon Cream Spongecake , 3.125, 233.0, 3.0, 12.0, 34.0, 15.0
Sweet Potato Corn Bread Stuffing with Greens and Bacon , 4.375, 390.0, 14.0, 20.0, 593.0, 86.0
Peppercorn Steaks with Bourbon Sauce , 4.375, 683.0, 49.0, 47.0, 473.0, 48.0
Whole Wheat Porcini Soda Bread , 4.375, 286.0, 8.0, 7.0, 672.0, 66.0
Corn Muffins with Green Onions and Sour Cream , 4.375, 213.0, 4.0, 9.0, 429.0, 85.0
Upside-Down Butterscotch Apple Sour Cream Cake , 3.75, 473.0, 5.0, 27.0, 323.0, 45.0
Cider Spice Cake , 4.375, 643.0, 22.0, 48.0, 982.0, 23.0
Green-Peppercorn Cornmeal Crackers , 5.0, 32.0, 1.0, 2.0, 53.0, 42.0
Yam and Black Bean Burritos with Amaranth , 5.0, 494.0, 15.0, 6.0, 509.0, 91.0
Chipotle Tartar Sauce , 4.375, 161.0, 0.0, 18.0, 174.0, 93.0
Roasted Halibut and Green Beans with Asian Cilantro Sauce , 3.75, 640.0, 12.0, 25.0, 170.0, 24.0
Broiled Bluefish with Tomato and Herbs , 4.375, 431.0, 46.0, 25.0, 543.0, 100.0
Stir-Fried Pork with Napa Cabbage , 3.75, 267.0, 28.0, 12.0, 1048.0, 89.0
Corn Bread , 4.375, 2521.0, 84.0, 227.0, 1865.0, 95.0
Chile-Macadamia Brittle , 3.125, 148.0, 1.0, 5.0, 1.0, 35.0
Blueberry Galette with Lemon Ice Cream , 4.375, 256.0, 4.0, 8.0, 175.0, 44.0
Springtime Sangria , 4.375, 254.0, 1.0, 0.0, 9.0, 70.0
Broiled Figs with Oranges and Sherry Cream , 3.75, 401.0, 4.0, 32.0, 29.0, 36.0
Thai-Style Tomato and Shrimp Salad , 4.375, 180.0, 19.0, 2.0, 1364.0, 64.0
Roasted Mushroom and Barley Gravy , 3.125, 156.0, 4.0, 10.0, 442.0, 83.0
Cajun Shrimp Tacos with Tomatillo Salsa , 3.75, 318.0, 18.0, 24.0, 719.0, 77.0
Golden Couscous , 4.375, 383.0, 13.0, 14.0, 63.0, 39.0
Cavatappi with Butternut Squash , 3.75, 732.0, 37.0, 47.0, 1103.0, 55.0
Homemade Grenadine , 4.375, 210.0, 0.0, 0.0, 8.0, 50.0
Thai Green Papaya Salad , 5.0, 58.0, 2.0, 2.0, 661.0, 67.0
Lemon Cream Cheese Frosting , 3.75, 258.0, 4.0, 20.0, 184.0, 62.0
Cucumber Nori Rolls , 4.375, 268.0, 5.0, 1.0, 88.0, 44.0
Hot Spiced Beer , 0.0, 251.0, 1.0, 0.0, 10.0, 46.0
Mango Salsa , 4.375, 129.0, 1.0, 0.0, 12.0, 90.0
Grilled Halibut with Lima Bean and Roasted Tomato Sauce , 4.375, 397.0, 43.0, 8.0, 523.0, 44.0
Mock Risotto , 3.75, 306.0, 10.0, 10.0, 180.0, 54.0
Baked Breaded Cauliflower , 5.0, 311.0, 12.0, 20.0, 577.0, 40.0
Chicken Stock , 4.375, 38.0, 3.0, 3.0, 70.0, 81.0
Tarragon Shallot Egg Salad Sandwiches , 4.375, 403.0, 14.0, 23.0, 691.0, 61.0
Cuban-Spiced Chicken Thighs with Chorizo and Rice , 5.0, 1335.0, 20.0, 19.0, 575.0, 100.0
Glazed Red Pepper-Fennel Almonds , 5.0, 170.0, 5.0, 13.0, 175.0, 17.0
Spiced Cherry Cider with Kirsch Cream , 5.0, 195.0, 1.0, 3.0, 15.0, 67.0
Tropical Fruit Tart , 4.375, 412.0, 2.0, 24.0, 384.0, 72.0
Smashed Baby Red Potatoes with Ancho Chiles and Dry Jack Cheese , 4.375, 326.0, 9.0, 20.0, 151.0, 87.0
To Crack and Shave Fresh Coconut , 4.375, 234.0, 2.0, 22.0, 13.0, 11.0
Buckwheat Pancakes with Smoked Salmon , 4.375, 182.0, 9.0, 12.0, 371.0, 85.0
Spicy Stir-Fried Brown Rice with Broccolini and Scallops , 4.375, 394.0, 18.0, 8.0, 787.0, 68.0
Tequila Lime Tart , 3.75, 500.0, 10.0, 23.0, 202.0, 13.0
Lime Whipped Cream , 0.0, 167.0, 1.0, 17.0, 17.0, 70.0
Banana-Cream Parfaits , 4.375, 729.0, 97.0, 22.0, 330.0, 38.0
Eggplant and Sun-dried Tomato Spread , 4.375, 264.0, 2.0, 25.0, 6.0, 33.0
Blue Cheese Dressing , 3.75, 269.0, 4.0, 27.0, 501.0, 22.0
Turkey Cream Puff Pie , 3.75, 563.0, 6.0, 50.0, 314.0, 96.0
Chilaquiles with Turkey and Roasted Tomatillo Salsa , 3.75, 1472.0, 16.0, 56.0, 193.0, 83.0
Linguine with Shellfish Sauce , 4.375, 1197.0, 81.0, 82.0, 728.0, 43.0
Tomato and Tapenade Tartlets , 4.375, 671.0, 9.0, 49.0, 370.0, 96.0
Waiting for Wilma Pie (Chocolate Caramel Pecan Pie) , 4.375, 265.0, 2.0, 8.0, 143.0, 13.0
Grilled Turkey with Cranberry Gravy , 4.375, 1186.0, 86.0, 66.0, 1010.0, 23.0
Herbed Spaetzle , 3.75, 514.0, 18.0, 23.0, 715.0, 51.0
Mussels in Romesco Sauce , 3.125, 329.0, 16.0, 23.0, 368.0, 71.0
Lumpia Wrappers , 5.0, 65.0, 2.0, 1.0, 8.0, 56.0
Tangerine Souffles , 5.0, 540.0, 25.0, 34.0, 734.0, 57.0
Fresh-Herb Dumplings , 5.0, 121.0, 4.0, 6.0, 901.0, 71.0
Duck Legs Confit Cooked in a Pouch (“Confit” de Canard en Sous Vide) , 5.0, 5474.0, 898.0, 150.0, 4094.0, 61.0
Honeydew and Prosciutto with Greens and Mint Vinaigrette , 3.75, 1157.0, 44.0, 67.0, 989.0, 54.0
Tuna and Olive Salad Sandwich , 0.0, 550.0, 2.0, 55.0, 890.0, 25.0
Sorrel Vichyssoise , 3.75, 187.0, 6.0, 10.0, 208.0, 66.0
Scallion Potato Pancake and Smoked-Salmon Sandwiches , 4.375, 558.0, 6.0, 34.0, 134.0, 36.0
Roast Beef Sandwiches with Blue Cheese Dressing , 4.375, 379.0, 24.0, 29.0, 324.0, 51.0
Walnut Spice Cake with Lemon Glaze , 3.75, 464.0, 6.0, 26.0, 393.0, 84.0
Bake-Salé Lemon Meringue Pie , 3.75, 464.0, 4.0, 19.0, 361.0, 32.0
Roasted Tomato and Bell Pepper Salsa , 3.75, 140.0, 5.0, 4.0, 415.0, 19.0
Warm Teriyaki Beef Salad , 3.75, 493.0, 45.0, 29.0, 1450.0, 33.0
Strawberry-Rhubarb Semifreddo , 4.375, 451.0, 6.0, 26.0, 214.0, 62.0
Grilled Pork Chops with Tomatillo Salsa , 3.75, 1278.0, 68.0, 100.0, 680.0, 37.0
Salmon and Spinach Terrine with Cucumber-Dill Sauce , 4.375, 387.0, 14.0, 34.0, 407.0, 15.0
Brown Sugar Peaches , 5.0, 159.0, 2.0, 1.0, 5.0, 81.0
Sweet and Chunky Apple Butter , 4.375, 326.0, 1.0, 0.0, 4.0, 42.0
